<?xml version="1.0" encoding="UTF-8"?>
<project-private xmlns="http://www.netbeans.org/ns/project-private/1">
    <editor-bookmarks xmlns="http://www.netbeans.org/ns/editor-bookmarks/2" lastBookmarkId="0"/>
    <open-files xmlns="http://www.netbeans.org/ns/projectui-open-files/2">
        <group>
            <file>file:/C:/Users/Edgr9/OneDrive/Desktop/UNO-JadedGhoul-patch-2-bug-fixes-and-added-part%20(3)/UNO-JadedGhoul-patch-2-bug-fixes-and-added-part%20(2)/UNO-JadedGhoul-patch-2-bug-fixes-and-added-part/src/uno/UNODeck.java</file>
            <file>file:/C:/Users/Edgr9/OneDrive/Desktop/UNO-JadedGhoul-patch-2-bug-fixes-and-added-part%20(3)/UNO-JadedGhoul-patch-2-bug-fixes-and-added-part%20(2)/UNO-JadedGhoul-patch-2-bug-fixes-and-added-part/src/uno/GameStage.java</file>
            <file>file:/C:/Users/Edgr9/OneDrive/Desktop/UNO-JadedGhoul-patch-2-bug-fixes-and-added-part%20(3)/UNO-JadedGhoul-patch-2-bug-fixes-and-added-part%20(2)/UNO-JadedGhoul-patch-2-bug-fixes-and-added-part/src/uno/Game.java</file>
        </group>
    </open-files>
</project-private>
