<?xml version="1.0" encoding="UTF-8"?>
<project-private xmlns="http://www.netbeans.org/ns/project-private/1">
    <editor-bookmarks xmlns="http://www.netbeans.org/ns/editor-bookmarks/2" lastBookmarkId="0"/>
    <open-files xmlns="http://www.netbeans.org/ns/projectui-open-files/2">
        <group>
            <file>file:/C:/Users/dariu/Documents/NetBeansProjects/Uno/src/uno/UNOCard.java</file>
            <file>file:/C:/Users/dariu/Documents/NetBeansProjects/Uno/src/uno/Menu.java</file>
            <file>file:/C:/Users/dariu/Documents/NetBeansProjects/Uno/src/uno/PopUp.java</file>
            <file>file:/C:/Users/dariu/Documents/NetBeansProjects/Uno/src/uno/GameStage.java</file>
            <file>file:/C:/Users/dariu/Documents/NetBeansProjects/Uno/src/uno/Main.java</file>
            <file>file:/C:/Users/dariu/Documents/NetBeansProjects/Uno/src/uno/UNODeck.java</file>
            <file>file:/C:/Users/dariu/Documents/NetBeansProjects/Uno/src/uno/PickColorFrame.java</file>
            <file>file:/C:/Users/dariu/Documents/NetBeansProjects/Uno/src/uno/AddPlayerNames.java</file>
            <file>file:/C:/Users/dariu/Documents/NetBeansProjects/Uno/src/uno/Game.java</file>
            <file>file:/C:/Users/dariu/Documents/NetBeansProjects/Uno/src/uno/Uno.java</file>
        </group>
    </open-files>
</project-private>
